<?xml version="1.0" encoding="UTF-8" ?>
<xml>
<xsd:schema xmlns:xsd="http://www.w3.org/2001/XMLSchema" xmlns:sql="http://www.radiantlogic.com/schemas" >
<xsd:annotation>
<xsd:documentation xml:lang="en">
This schema is generated by RadiantLogic XML tool.
</xsd:documentation>
</xsd:annotation>
<xsd:element name="wrap" type="wrapType" />
<xsd:complexType name="wrapType">
<xsd:sequence>
<xsd:element name="record" type="recordType" minOccurs="0" maxOccurs="unbounded" />
</xsd:sequence>
</xsd:complexType>
<xsd:complexType name="recordType">
<xsd:sequence>
<xsd:element name="datasource" sql:field="data source" type="xsd:string" />
<xsd:element name="tacacskey" type="xsd:string" />
<xsd:element name="active" type="xsd:string" />
<xsd:element name="errorCode" type="xsd:string" />
<xsd:element name="label" type="xsd:string" />
<xsd:element name="data_source" type="xsd:string" />
<xsd:element name="url" type="xsd:string" />
<xsd:element name="password" type="xsd:string" />
<xsd:element name="classname" type="xsd:string" />
<xsd:element name="id" type="xsd:string" />
<xsd:element name="errorcode" type="xsd:string" />
<xsd:element name="status" type="xsd:string" />
<xsd:element name="username" type="xsd:string" />
</xsd:sequence>
<xsd:attribute name="recordID" type="xsd:string" />
</xsd:complexType>
</xsd:schema>
<wrap>
<record recordID="1">
<active>false</active>
<classname>com.rli.scripts.customobjects.acsclient</classname>
<datasource>XML</datasource>
<data_source>XML</data_source>
<errorCode>0</errorCode>
<errorcode>0</errorcode>
<id>acsclient</id>
<label>acsclient</label>
<password>{AES}/GGWGKWHhYZ0NtlyNPYFZuMSUwgOQUH4JgKh7IA/BT6SIeYr2WhrV7Vjt3QuA8pKqCVq5xb|/</password>
<status>OK</status>
<tacacskey>[key]</tacacskey>
<url>10.11.1.50</url>
<username>[username]</username>
</record>
</wrap>
</xml>