<?xml version="1.0" encoding="UTF-8" ?>
<xml>
<xsd:schema xmlns:xsd="http://www.w3.org/2001/XMLSchema" xmlns:sql="http://www.radiantlogic.com/schemas" >
<xsd:annotation>
<xsd:documentation xml:lang="en">
This schema is generated by RadiantLogic XML tool.
</xsd:documentation>
</xsd:annotation>
<xsd:element name="wrap" type="wrapType" />
<xsd:complexType name="wrapType">
<xsd:sequence>
<xsd:element name="record" type="recordType" minOccurs="0" maxOccurs="unbounded" />
</xsd:sequence>
</xsd:complexType>
<xsd:complexType name="recordType">
<xsd:sequence>
<xsd:element name="DBMSName" sql:field="DBMS Name" type="xsd:string" />
<xsd:element name="active" type="xsd:string" />
<xsd:element name="errorCode" type="xsd:string" />
<xsd:element name="label" type="xsd:string" />
<xsd:element name="alternatedatasource" type="xsd:string" />
<xsd:element name="data_source" type="xsd:string" />
<xsd:element name="url" type="xsd:string" />
<xsd:element name="password" type="xsd:string" />
<xsd:element name="id" type="xsd:string" />
<xsd:element name="driver-class-name" type="xsd:string" />
<xsd:element name="username" type="xsd:string" />
<xsd:element name="backendstatus" type="xsd:string" />
<xsd:element name="status" type="xsd:string" />
</xsd:sequence>
<xsd:attribute name="recordID" type="xsd:string" />
</xsd:complexType>
</xsd:schema>
<wrap>
<record recordID="1">
<DBMSName>{AES}uu0nEbxBz0|Xq00pOp4s3OLq94kxffbgTAsJmHELD3nqUjGOEvRp/9t+OPgKQGsGxUNLfSXv/</DBMSName>
<active>true</active>
<alternatedatasource></alternatedatasource>
<backendstatus>on</backendstatus>
<data_source>JDBC</data_source>
<driver-class-name>{AES}fFnLI0LLLodlmiKTx8QJzrW7pqOPf1byBd6ZsR7ZqaxMsIgamDwhcGkI4LabEzeLQ22KErjsF28pLXZYvBu3Ub0b68ANl|qq20QkAhgB0EnRi4tLeP/8=</driver-class-name>
<errorCode>0</errorCode>
<id>log2db</id>
<label>log2db</label>
<password>{AES}PpA6whzAKkV2ZQZRu0PLh2mP4v2L5TC5iVch0RQhPDhWgky6qiwIgon70IpXCIOnMU|NWoiH/</password>
<status>OK</status>
<url>{AES}TsIBhSBWZ11XoEk7|8BF1uJV8fOtens+jnlySi1Yu3ZzBbBCn3A2TTAbaO9r0S8XAiue8diZon20QckzKPovV7sms52Rr/w==</url>
<username>{AES}+/NcrmHlyHUqSvRo4WHG5Xolk6e0w9RYRQPIw1VinPlw7P|BgwBLXIDc2nE6CXmMaGeG51gH/</username>
</record>
</wrap>
</xml>