<?xml version="1.0" encoding="UTF-8" ?>
<xml>
<xsd:schema xmlns:xsd="http://www.w3.org/2001/XMLSchema" xmlns:sql="http://www.radiantlogic.com/schemas" >
<xsd:annotation>
<xsd:documentation xml:lang="en">
This schema is generated by RadiantLogic XML tool.
</xsd:documentation>
</xsd:annotation>
<xsd:element name="wrap" type="wrapType" />
<xsd:complexType name="wrapType">
<xsd:sequence>
<xsd:element name="record" type="recordType" minOccurs="0" maxOccurs="unbounded" />
</xsd:sequence>
</xsd:complexType>
<xsd:complexType name="recordType">
<xsd:sequence>
<xsd:element name="binddn" type="xsd:string" />
<xsd:element name="bindpw" type="xsd:string" />
<xsd:element name="DBMSName" sql:field="DBMS Name" type="xsd:string" />
<xsd:element name="ldapurl" type="xsd:string" />
<xsd:element name="active" type="xsd:string" />
<xsd:element name="errorCode" type="xsd:string" />
<xsd:element name="id" type="xsd:string" />
<xsd:element name="label" type="xsd:string" />
<xsd:element name="ssl" type="xsd:string" />
<xsd:element name="data_source" type="xsd:string" />
<xsd:element name="status" type="xsd:string" />
</xsd:sequence>
<xsd:attribute name="recordID" type="xsd:string" />
</xsd:complexType>
</xsd:schema>
<wrap>
<record recordID="1">
<DBMSName>{AES}xjzotp/7tYw0c0ESfakq3jU+zeG9AtL2T1eMciaQIgmCuPyasOU6xb/y1kvpTML7|w2im/WH/</DBMSName>
<active>true</active>
<binddn>{AES}ZiGg72jmsUrZMpZoYGzd9JVr5VcR0tP|6eqoDlYmVsLnPXRtKHp47nxfRb+JAph/xUILr0P2K57iMBYk1PPzs/WDFJ7wu/w==</binddn>
<bindpw>{AES}|p8EfUTn4CqMIOySATzHKqd9aruJ7Q+zWffsf1FWkXBbnbd4xM34rh0gM+eNtHRlYIHIIjzD/</bindpw>
<data_source>LDAP</data_source>
<errorCode>0</errorCode>
<id>replicationjournal</id>
<label>replicationjournal</label>
<ldapurl>{AES}EhY8dZKZjxkrV3d9L5g/EZ9P+d+2/Ioe3aY9j52hL7Mv7ppNzSqlp0jZqLgYOEGw31Dh8waADYLOgRkMnrYGGp+ONBU|o/w==</ldapurl>
<ssl>false</ssl>
<status>OK</status>
</record>
</wrap>
</xml>