<?xml version="1.0" encoding="UTF-8" ?>
<xml>
<xsd:schema xmlns:xsd="http://www.w3.org/2001/XMLSchema" xmlns:sql="http://www.radiantlogic.com/schemas" >
<xsd:annotation>
<xsd:documentation xml:lang="en">
This schema is generated by RadiantLogic XML tool.
</xsd:documentation>
</xsd:annotation>
<xsd:element name="wrap" type="wrapType" />
<xsd:complexType name="wrapType">
<xsd:sequence>
<xsd:element name="record" type="recordType" minOccurs="0" maxOccurs="unbounded" />
</xsd:sequence>
</xsd:complexType>
<xsd:complexType name="recordType">
<xsd:sequence>
<xsd:element name="binddn" type="xsd:string" />
<xsd:element name="bindpw" type="xsd:string" />
<xsd:element name="DBMSName" sql:field="DBMS Name" type="xsd:string" />
<xsd:element name="ldapurl" type="xsd:string" />
<xsd:element name="active" type="xsd:string" />
<xsd:element name="errorCode" type="xsd:string" />
<xsd:element name="id" type="xsd:string" />
<xsd:element name="label" type="xsd:string" />
<xsd:element name="ssl" type="xsd:string" />
<xsd:element name="data_source" type="xsd:string" />
<xsd:element name="status" type="xsd:string" />
</xsd:sequence>
<xsd:attribute name="recordID" type="xsd:string" />
</xsd:complexType>
</xsd:schema>
<wrap>
<record recordID="1">
<DBMSName>{AES}RuZQzo7imGzbsiIyF5dyPMP|Od7wcGy9nENnbqQ8+uK+AGcTbP9T0QwiWCFuHKqpmfpMOEw//</DBMSName>
<active>true</active>
<binddn>{AES}rZIXRobi3VM5IcYa|nvnOaN/Yr4ArNt9gIDWzuvvs+hG44d0W4dKfOHfHzQ6TvSXFpK4i3+hTdjho/+1nfOAoJVOZjcp0/w==</binddn>
<bindpw>{AES}i|DDTA1b60s9rwN3hxXVjyNCSVGk741Kb+SAYdGyu4lVBEO1CxPxvGdpyJdWYCDMg9qrkfCf/</bindpw>
<data_source>LDAP</data_source>
<errorCode>0</errorCode>
<id>vdsha</id>
<label>vdsha</label>
<ldapurl>{AES}30jHZCWPQx1JNqMsRvPw3YyIa1LBfmuUBd1sA9ZOdkgI+2U3p86l4im9/tlVsZ|vQM2TdJlGOvWEH3mu8HnR5LCaI5PhW/w==</ldapurl>
<ssl>false</ssl>
<status>OK</status>
</record>
</wrap>
</xml>